{"cameraMode":{"drawMode":0,"name":"Shaded","section":"Shading Mode"},"sceneLighting":true,"audioPlay":false,"sceneViewState":{"showFog":true,"showMaterialUpdate":false,"showSkybox":true,"showFlares":true,"showImageEffects":true,"showParticleSystems":true},"in2DMode":false,"pivot":{"x":0.6553508043289185,"y":0.779708743095398,"z":9.025221824645996},"rotation":{"x":0.07985065877437592,"y":-0.30588048696517947,"z":0.02575460635125637,"w":0.9483659863471985},"size":5.291726589202881,"orthographic":true}